<environmentvariabledefinition schemaname="cr139_WebServerName">
  <defaultvalue>https://sisclientweb-dev-900046.campusnexus.cloud</defaultvalue>
  <description default="Web Server Name desc">
    <label description="Web Server Name desc" languagecode="1033" />
  </description>
  <displayname default="WebServerName">
    <label description="WebServerName" languagecode="1033" />
  </displayname>
  <introducedversion>1.0.0.0</introducedversion>
  <iscustomizable>1</iscustomizable>
  <isrequired>0</isrequired>
  <type>100000000</type>
</environmentvariabledefinition>