{"properties":{"connectionReferences":{"shared_approvals":{"runtimeSource":"embedded","connection":{},"api":{"name":"shared_approvals"}},"shared_office365":{"runtimeSource":"embedded","connection":{},"api":{"name":"shared_office365"}}},"definition":{"$schema":"https://schema.management.azure.com/providers/Microsoft.Logic/schemas/2016-06-01/workflowdefinition.json#","contentVersion":"1.0.0.0","parameters":{"$connections":{"defaultValue":{},"type":"Object"},"$authentication":{"defaultValue":{},"type":"SecureObject"},"WebServerName":{"defaultValue":"https://sisclientweb-dev-900046.campusnexus.cloud","type":"String","metadata":{"schemaName":"cr139_WebServerName","description":"Web Server Name desc"}},"ApiKey":{"defaultValue":"GrUkYsL0aAM8JmmD9sazowcC5tpnPAyFjID8cRNgXCekIIOpVLKXQbXfizbeiUej","type":"String","metadata":{"schemaName":"cr139_ApiKey","description":"API Key Guid"}}},"triggers":{"manual":{"type":"Request","kind":"Http","inputs":{}}},"actions":{"Parse_JSON":{"runAfter":{"Initialize_variable":["Succeeded"]},"type":"ParseJson","inputs":{"content":"@triggerMultipartBody(1)","schema":{"type":"object","properties":{"ContractTemplateCode":{"type":"string"},"DesignerEmail":{"type":"string"},"DesignerFullName":{"type":"string"}}}}},"ScopeTry":{"actions":{"Condition":{"actions":{"Update_Status_to_Rejected":{"runAfter":{},"type":"Http","inputs":{"method":"POST","uri":"@{parameters('WebServerName')}/api/faculty-workload-contract-management/contract-template-status","headers":{"ApiKey":"@parameters('ApiKey')"},"body":{"Code":"@{body('Parse_JSON')?['ContractTemplateCode']}","Status":"Rejected"},"host":{"apiId":"/providers/Microsoft.PowerApps/apis/shared_anthology-2dfwm-2dcontract-5fd3b5047adc3abd7a-5f3eae7e59679a612e","connectionName":"shared_anthology-2dfwm-2dcontract-5fd3b5047adc3abd7a-5f3eae7e59679a612e","operationId":"PostContractTemplateStatus"},"parameters":{"apiRequest/Code":"@body('Parse_JSON')?['ContractTemplateCode']","apiRequest/Status":"Rejected"}}}},"runAfter":{"Start_and_wait_for_an_approval":["Succeeded"]},"else":{"actions":{"HTTP":{"runAfter":{},"type":"Http","inputs":{"method":"POST","uri":"@{parameters('WebServerName')}/api/faculty-workload-contract-management/contract-template-status","headers":{"ApiKey":"@parameters('ApiKey')"},"body":{"Code":"@{body('Parse_JSON')?['ContractTemplateCode']}","Status":"Approved"}}}}},"expression":{"contains":["@outputs('Start_and_wait_for_an_approval')?['body/outcome']","Reject"]},"type":"If"},"Start_and_wait_for_an_approval":{"runAfter":{"Update_Status_to_Pending_Approval":["Succeeded"]},"type":"OpenApiConnectionWebhook","inputs":{"host":{"connectionName":"shared_approvals","operationId":"StartAndWaitForAnApproval","apiId":"/providers/Microsoft.PowerApps/apis/shared_approvals"},"parameters":{"approvalType":"BasicAwaitAll","WebhookApprovalCreationInput/title":"Kindly request you to approve","WebhookApprovalCreationInput/assignedTo":"nirmalk@anthology.com;","WebhookApprovalCreationInput/details":"Dear Approver ,\nPlease find attached contract template sent for your approval for template code:@{body('Parse_JSON')?['ContractTemplateCode']}\n\nKindly do the need full. \n\nThanks & regards \n@{body('Parse_JSON')?['DesignerFullName']}","WebhookApprovalCreationInput/requestor":"@{body('Parse_JSON')?['DesignerEmail']};","WebhookApprovalCreationInput/enableNotifications":true,"WebhookApprovalCreationInput/enableReassignment":true,"WebhookApprovalCreationInput/attachments":[{"name":"@concat(body('Parse_JSON')?['ContractTemplateCode'],'.docx')","content":"@base64ToBinary(triggerMultipartBody(0)['$Content'])"}]},"authentication":"@parameters('$authentication')"}},"Apply_to_each":{"foreach":"@outputs('Start_and_wait_for_an_approval')?['body/responses']","actions":{"Send_an_email_(V2)":{"runAfter":{},"type":"OpenApiConnection","inputs":{"host":{"connectionName":"shared_office365","operationId":"SendEmailV2","apiId":"/providers/Microsoft.PowerApps/apis/shared_office365"},"parameters":{"emailMessage/To":"@body('Parse_JSON')?['DesignerEmail']","emailMessage/Subject":" -  @{items('Apply_to_each')?['approverResponse']}","emailMessage/Body":"<p>Hi @{body('Parse_JSON')?['DesignerFullName']},<br>\n<br>\nYour Contract Template is @{items('Apply_to_each')?['approverResponse']}.<br>\n<br>\n<strong>Comments from the approver </strong><strong>@{items('Apply_to_each')?['responder/displayName']}</strong><strong>:<br>\n</strong><br>\n@{items('Apply_to_each')?['comments']}<br>\n<br>\n<strong><br>\nThanks<br>\n</strong><strong>@{items('Apply_to_each')?['responder/displayName']}</strong><strong><br>\n</strong><br>\n</p>"},"authentication":"@parameters('$authentication')"}}},"runAfter":{"Condition":["Succeeded"]},"type":"Foreach"},"Update_Status_to_Pending_Approval":{"runAfter":{},"type":"Http","inputs":{"method":"POST","uri":"@{parameters('WebServerName')}/api/faculty-workload-contract-management/contract-template-status","headers":{"ApiKey":"@parameters('ApiKey')"},"body":{"Code":"@{body('Parse_JSON')?['ContractTemplateCode']}","Status":"PendingApproval"}}}},"runAfter":{"Parse_JSON":["Succeeded"]},"type":"Scope"},"Initialize_has_error":{"runAfter":{},"type":"InitializeVariable","inputs":{"variables":[{"name":"hasError","type":"boolean","value":"@false"}]}},"ScopeCatch":{"actions":{"Set_variable":{"runAfter":{},"type":"SetVariable","inputs":{"name":"hasError","value":"@true"}}},"runAfter":{"ScopeTry":["Failed","TimedOut"]},"type":"Scope"},"ScopeFinally":{"actions":{"Condition_2":{"actions":{"Send_an_email_(V2)_2":{"runAfter":{},"type":"OpenApiConnection","inputs":{"host":{"connectionName":"shared_office365","operationId":"SendEmailV2","apiId":"/providers/Microsoft.PowerApps/apis/shared_office365"},"parameters":{"emailMessage/To":"nirmalk@anthology.com","emailMessage/Subject":"Contract Template Approval flow failed","emailMessage/Body":"<p>Hi,<br>\nyour flow has failed.<br>\n<br>\n@{concat('https://us.flow.microsoft.com/manage/environments/',workflow()['tags']['environmentName'],'/flows/',   workflow()['name'],'/runs/',workflow()['run']['name'])}<br>\n<br>\n<u>Error Output:</u><br>\n<br>\n@{result('ScopeTry')}</p>"},"authentication":"@parameters('$authentication')"}}},"runAfter":{},"else":{"actions":{"Send_an_email_(V2)_3":{"runAfter":{},"type":"OpenApiConnection","inputs":{"host":{"connectionName":"shared_office365","operationId":"SendEmailV2","apiId":"/providers/Microsoft.PowerApps/apis/shared_office365"},"parameters":{"emailMessage/To":"nirmalk@anthology.com","emailMessage/Subject":"Contract Template Approval flow: success","emailMessage/Body":"<p>Hi, <br>\nYour flow has success. you can find the run success detail by clicking on the url &nbsp;<br>\n<br>\n@{concat('https://us.flow.microsoft.com/manage/environments/',workflow()['tags']['environmentName'],'/flows/',   workflow()['name'],'/runs/',workflow()['run']['name'])}</p>"},"authentication":"@parameters('$authentication')"}}}},"expression":{"equals":["@variables('hasError')","@true"]},"type":"If"}},"runAfter":{"ScopeCatch":["Succeeded","Skipped","Failed","TimedOut"]},"type":"Scope"},"Initialize_variable":{"runAfter":{"Initialize_has_error":["Succeeded"]},"type":"InitializeVariable","inputs":{"variables":[{"name":"SpecifyError","type":"string"}]}}}}},"schemaVersion":"1.0.0.0"}