{"properties":{"connectionReferences":{"shared_approvals":{"runtimeSource":"embedded","connection":{"connectionReferenceLogicalName":"cr139_ApproverConnectionRef"},"api":{"name":"shared_approvals"}},"shared_office365":{"runtimeSource":"embedded","connection":{"connectionReferenceLogicalName":"cr139_Office365ConnectionRef"},"api":{"name":"shared_office365"}},"shared_new-5ftest-2dfwm-2dcontract-2dconnector-5fd3b5047adc3abd7a":{"runtimeSource":"embedded","connection":{"connectionReferenceLogicalName":"cr139_sharednew5ftest2dfwm2dcontract2dconnector5fd3b5047adc3abd7a_2e659"},"api":{"name":"shared_new-5Ftest-2Dfwm-2Dcontract-2Dconnector-5Fd3b5047adc3abd7a","logicalName":"new_5Ftest-2Dfwm-2Dcontract-2Dconnector"}}},"definition":{"$schema":"https://schema.management.azure.com/providers/Microsoft.Logic/schemas/2016-06-01/workflowdefinition.json#","contentVersion":"1.0.0.0","parameters":{"$connections":{"defaultValue":{},"type":"Object"},"$authentication":{"defaultValue":{},"type":"SecureObject"},"WebServerName":{"defaultValue":"https://sisclientweb-dev-900046.campusnexus.cloud","type":"String","metadata":{"schemaName":"cr139_WebServerName","description":"Web Server Name desc"}},"ApiKey":{"defaultValue":"GrUkYsL0aAM8JmmD9sazowcC5tpnPAyFjID8cRNgXCekIIOpVLKXQbXfizbeiUej","type":"String","metadata":{"schemaName":"cr139_ApiKey","description":"API Key Guid"}}},"triggers":{"manual":{"type":"Request","kind":"Http","inputs":{}}},"actions":{"Parse_JSON":{"runAfter":{},"type":"ParseJson","inputs":{"content":"@triggerMultipartBody(1)","schema":{"type":"object","properties":{"ContractTemplateCode":{"type":"string"},"DesignerEmail":{"type":"string"},"DesignerFullName":{"type":"string"}}}}},"Start_and_wait_for_an_approval":{"runAfter":{"HTTP":["Succeeded"]},"type":"OpenApiConnectionWebhook","inputs":{"host":{"connectionName":"shared_approvals","operationId":"StartAndWaitForAnApproval","apiId":"/providers/Microsoft.PowerApps/apis/shared_approvals"},"parameters":{"approvalType":"Basic","WebhookApprovalCreationInput/title":"Hi Buddy Approve","WebhookApprovalCreationInput/assignedTo":"nirmalk@anthology.com;","WebhookApprovalCreationInput/enableNotifications":true,"WebhookApprovalCreationInput/enableReassignment":true},"authentication":"@parameters('$authentication')"}},"Send_an_email_(V2)":{"runAfter":{"Parse_JSON":["Succeeded"]},"type":"OpenApiConnection","inputs":{"host":{"connectionName":"shared_office365","operationId":"SendEmailV2","apiId":"/providers/Microsoft.PowerApps/apis/shared_office365"},"parameters":{"emailMessage/To":"nirmalk@anthology.com","emailMessage/Subject":"Mail to the Mailer","emailMessage/Body":"<p>Mail to the Mailer</p>"},"authentication":"@parameters('$authentication')"}},"HTTP":{"runAfter":{"Update_an_Contract_Template_status._2":["Succeeded"]},"type":"Http","inputs":{"method":"POST","uri":"@{parameters('WebServerName')}/api/faculty-workload-contract-management/contract-template-status","headers":{"ApiKey":"@parameters('ApiKey')"},"body":{"Code":"@{body('Parse_JSON')?['ContractTemplateCode']}","Status":"PendingApproval"}}},"Update_an_Contract_Template_status._2":{"runAfter":{"Send_an_email_(V2)":["Succeeded"]},"type":"OpenApiConnection","inputs":{"host":{"connectionName":"shared_new-5ftest-2dfwm-2dcontract-2dconnector-5fd3b5047adc3abd7a","operationId":"PostContractTemplateStatus","apiId":""},"parameters":{"apiRequest/Code":"@body('Parse_JSON')?['ContractTemplateCode']","apiRequest/Status":"PendingApproval"},"authentication":"@parameters('$authentication')"}}},"outputs":{}}},"schemaVersion":"1.0.0.0"}