<environmentvariabledefinition schemaname="cr139_ApiKey">
  <defaultvalue>GrUkYsL0aAM8JmmD9sazowcC5tpnPAyFjID8cRNgXCekIIOpVLKXQbXfizbeiUej</defaultvalue>
  <description default="API Key Guid">
    <label description="API Key Guid" languagecode="1033" />
  </description>
  <displayname default="ApiKey">
    <label description="ApiKey" languagecode="1033" />
  </displayname>
  <introducedversion>1.0.0.0</introducedversion>
  <iscustomizable>1</iscustomizable>
  <isrequired>0</isrequired>
  <type>100000000</type>
</environmentvariabledefinition>